{
  "HVIGOR_OHOS_PLUGIN": {
    "MODULES": [
      {
        "MODULE_NAME": "1043bfc77febe75fafec0c4309faccf1",
        "API_TYPE": "stageMode"
      }
    ],
    "BUILD_MODE": "debug"
  },
  "HVIGOR": {
    "IS_INCREMENTAL": true,
    "IS_DAEMON": true,
    "IS_PARALLEL": true,
    "IS_HVIGORFILE_TYPE_CHECK": false,
    "TASK_TIME": {
      "1043bfc77febe75fafec0c4309faccf1": {
        "CreateModuleInfo": 7710900,
        "PreCheckSyscap": 673800,
        "PreviewProcessResource": 9515400,
        "PreviewCompileResource": 1722006100,
        "PreviewHookCompileResource": 549200,
        "CopyPreviewProfile": 10674500,
        "ReplacePreviewerPage": 411000,
        "buildPreviewerResource": 349500,
        "PreviewUpdateAssets": 6647500,
        "PreviewArkTS": 18057302500,
        "PreviewBuild": 914500
      }
    },
    "TOTAL_TIME": 20699705200,
    "BUILD_ID": "202505211100057380"
  }
}