{"C:\\Users\\Lenovo\\Desktop\\hongmeng\\weatherAPP\\AppScope\\app.json5":{"hashValue":"71c29ce66c24bcdb861e1070f8dcfc58","name":"app.json5","path":"C:\\Users\\Lenovo\\Desktop\\hongmeng\\weatherAPP\\AppScope\\app.json5","type":"file","isSymbolicLink":false,"fileMetaData":{"size":217,"lastModifiedTime":1747641871320}},"C:\\Users\\Lenovo\\Desktop\\hongmeng\\weatherAPP\\entry\\src\\main\\module.json5":{"hashValue":"310a671c4d10289a4acb9986d2c66033","name":"module.json5","path":"C:\\Users\\Lenovo\\Desktop\\hongmeng\\weatherAPP\\entry\\src\\main\\module.json5","type":"file","isSymbolicLink":false,"fileMetaData":{"size":1588,"lastModifiedTime":1747706313236}},"C:\\Users\\Lenovo\\Desktop\\hongmeng\\weatherAPP\\build-profile.json5":{"hashValue":"33c49f87be1e3c40c88201a873e71f84","name":"build-profile.json5","path":"C:\\Users\\Lenovo\\Desktop\\hongmeng\\weatherAPP\\build-profile.json5","type":"file","isSymbolicLink":false,"fileMetaData":{"size":768,"lastModifiedTime":1747726606497}},"C:\\Users\\Lenovo\\Desktop\\hongmeng\\weatherAPP\\entry\\build-profile.json5":{"hashValue":"c571d528360fab9cc964c2c4164bee61","name":"build-profile.json5","path":"C:\\Users\\Lenovo\\Desktop\\hongmeng\\weatherAPP\\entry\\build-profile.json5","type":"file","isSymbolicLink":false,"fileMetaData":{"size":449,"lastModifiedTime":1747641871284}},"C:\\Users\\Lenovo\\Desktop\\hongmeng\\weatherAPP\\entry\\src\\main\\resources\\base\\profile\\main_pages.json":{"hashValue":"2ed822a3fc30d0e32602753bcaf9364c","name":"main_pages.json","path":"C:\\Users\\Lenovo\\Desktop\\hongmeng\\weatherAPP\\entry\\src\\main\\resources\\base\\profile\\main_pages.json","type":"file","isSymbolicLink":false,"fileMetaData":{"size":57,"lastModifiedTime":1747734490792}},"C:\\Users\\Lenovo\\Desktop\\hongmeng\\weatherAPP\\hvigor\\hvigor-config.json5":{"hashValue":"224f3f036145343288b4704e0e0336f4","name":"hvigor-config.json5","path":"C:\\Users\\Lenovo\\Desktop\\hongmeng\\weatherAPP\\hvigor\\hvigor-config.json5","type":"file","isSymbolicLink":false,"fileMetaData":{"size":1323,"lastModifiedTime":1747641864088}},"C:\\Users\\Lenovo\\Desktop\\hongmeng\\weatherAPP\\entry\\src\\mock\\mock-config.json5":{"hashValue":"adcafb03765ee2141a1931a207f9318f","name":"mock-config.json5","path":"C:\\Users\\Lenovo\\Desktop\\hongmeng\\weatherAPP\\entry\\src\\mock\\mock-config.json5","type":"file","isSymbolicLink":false,"fileMetaData":{"size":3,"lastModifiedTime":1747641864536}},"C:\\Users\\Lenovo\\Desktop\\hongmeng\\weatherAPP\\entry\\oh-package.json5":{"hashValue":"41660db31c646c31cf56098e7937d376","name":"oh-package.json5","path":"C:\\Users\\Lenovo\\Desktop\\hongmeng\\weatherAPP\\entry\\oh-package.json5","type":"file","isSymbolicLink":false,"fileMetaData":{"size":183,"lastModifiedTime":1747641864263}},"C:\\Users\\Lenovo\\Desktop\\hongmeng\\weatherAPP\\oh-package.json5":{"hashValue":"1848acaec77d1b43cd9fed4b7db41990","name":"oh-package.json5","path":"C:\\Users\\Lenovo\\Desktop\\hongmeng\\weatherAPP\\oh-package.json5","type":"file","isSymbolicLink":false,"fileMetaData":{"size":210,"lastModifiedTime":1747641871246}},"C:\\Users\\Lenovo\\Desktop\\hongmeng\\weatherAPP\\entry\\.preview\\default\\intermediates\\merge_profile\\default\\module.json":{"hashValue":"c09592ad3f5f16846ba33de41a1b7172","name":"module.json","path":"C:\\Users\\Lenovo\\Desktop\\hongmeng\\weatherAPP\\entry\\.preview\\default\\intermediates\\merge_profile\\default\\module.json","type":"file","isSymbolicLink":false,"fileMetaData":{"size":1783,"lastModifiedTime":1747727508667}},"C:\\Users\\Lenovo\\Desktop\\hongmeng\\weatherAPP\\entry\\.preview\\default\\generated\\profile\\default\\BuildProfile.ets":{"hashValue":"ab95dbb6e9e3dc586369c94a9334e276","name":"BuildProfile.ets","path":"C:\\Users\\Lenovo\\Desktop\\hongmeng\\weatherAPP\\entry\\.preview\\default\\generated\\profile\\default\\BuildProfile.ets","type":"file","isSymbolicLink":false,"fileMetaData":{"size":865,"lastModifiedTime":1747727508678}},"C:\\Users\\Lenovo\\Desktop\\hongmeng\\weatherAPP\\entry\\.preview\\default\\intermediates\\loader\\default\\pkgContextInfo.json":{"hashValue":"cf30c2bed99cb2a66b7bd4552f0f3f24","name":"pkgContextInfo.json","path":"C:\\Users\\Lenovo\\Desktop\\hongmeng\\weatherAPP\\entry\\.preview\\default\\intermediates\\loader\\default\\pkgContextInfo.json","type":"file","isSymbolicLink":false,"fileMetaData":{"size":444,"lastModifiedTime":1747702352316}},"C:\\Users\\Lenovo\\Desktop\\hongmeng\\weatherAPP\\entry\\.preview\\default\\intermediates\\process_profile\\default\\module.json":{"hashValue":"1e657065b7c34595d665d95c42a2bc1d","name":"module.json","path":"C:\\Users\\Lenovo\\Desktop\\hongmeng\\weatherAPP\\entry\\.preview\\default\\intermediates\\process_profile\\default\\module.json","type":"file","isSymbolicLink":false,"fileMetaData":{"size":1869,"lastModifiedTime":1747727509013}},"C:\\Users\\Lenovo\\Desktop\\hongmeng\\weatherAPP\\entry\\.preview\\default\\intermediates\\router_map\\default\\temp-router-map.json":{"hashValue":"2a05f196dc3f16395a77f9303ae302f3","name":"temp-router-map.json","path":"C:\\Users\\Lenovo\\Desktop\\hongmeng\\weatherAPP\\entry\\.preview\\default\\intermediates\\router_map\\default\\temp-router-map.json","type":"file","isSymbolicLink":false,"fileMetaData":{"size":16,"lastModifiedTime":1747706386022}},"C:\\Users\\Lenovo\\Desktop\\hongmeng\\weatherAPP\\entry\\.preview\\default\\intermediates\\router_map\\default\\loader-router-map.json":{"hashValue":"404e7006fa9e13dc5e6ad594f57b0242","name":"loader-router-map.json","path":"C:\\Users\\Lenovo\\Desktop\\hongmeng\\weatherAPP\\entry\\.preview\\default\\intermediates\\router_map\\default\\loader-router-map.json","type":"file","isSymbolicLink":false,"fileMetaData":{"size":16,"lastModifiedTime":1747706386024}},"C:\\Users\\Lenovo\\Desktop\\hongmeng\\weatherAPP\\entry\\.preview\\default\\intermediates\\loader\\default\\loader.json":{"hashValue":"0c6a554328c983b36c79dc2b9f7e8197","name":"loader.json","path":"C:\\Users\\Lenovo\\Desktop\\hongmeng\\weatherAPP\\entry\\.preview\\default\\intermediates\\loader\\default\\loader.json","type":"file","isSymbolicLink":false,"fileMetaData":{"size":887,"lastModifiedTime":1747706386081}},"C:\\Users\\Lenovo\\Desktop\\hongmeng\\weatherAPP\\entry\\src\\main\\resources":{"hashValue":"b7e4b30b36715b1140eef485bb15fd28","name":"resources","path":"C:\\Users\\Lenovo\\Desktop\\hongmeng\\weatherAPP\\entry\\src\\main\\resources","type":"directory","isSymbolicLink":false,"children":[{"hashValue":"697190e608beb9a4b000926d52ac3694","name":"base","path":"C:\\Users\\Lenovo\\Desktop\\hongmeng\\weatherAPP\\entry\\src\\main\\resources\\base","type":"directory","isSymbolicLink":false,"children":[{"hashValue":"a70eb12c1bdf25986ac52e49bf7be0bf","name":"element","path":"C:\\Users\\Lenovo\\Desktop\\hongmeng\\weatherAPP\\entry\\src\\main\\resources\\base\\element","type":"directory","isSymbolicLink":false,"children":[{"hashValue":"331c5cffebc68835af1bafe8b90f0edb","name":"color.json","path":"C:\\Users\\Lenovo\\Desktop\\hongmeng\\weatherAPP\\entry\\src\\main\\resources\\base\\element\\color.json","type":"file","isSymbolicLink":false,"fileMetaData":{"size":105,"lastModifiedTime":1747641864574}},{"hashValue":"52e9d265489daa647fc8e0145863b76e","name":"float.json","path":"C:\\Users\\Lenovo\\Desktop\\hongmeng\\weatherAPP\\entry\\src\\main\\resources\\base\\element\\float.json","type":"file","isSymbolicLink":false,"fileMetaData":{"size":98,"lastModifiedTime":1747734490526}},{"hashValue":"6bb4d10f6df712af1817d70f2bbc1eee","name":"string.json","path":"C:\\Users\\Lenovo\\Desktop\\hongmeng\\weatherAPP\\entry\\src\\main\\resources\\base\\element\\string.json","type":"file","isSymbolicLink":false,"fileMetaData":{"size":302,"lastModifiedTime":1747706329519}}]},{"hashValue":"e5043cafffda07fd0bc28ccdde628054","name":"media","path":"C:\\Users\\Lenovo\\Desktop\\hongmeng\\weatherAPP\\entry\\src\\main\\resources\\base\\media","type":"directory","isSymbolicLink":false,"children":[{"hashValue":"101627ac35200c933c12940241dcf3c8","name":"background.png","path":"C:\\Users\\Lenovo\\Desktop\\hongmeng\\weatherAPP\\entry\\src\\main\\resources\\base\\media\\background.png","type":"file","isSymbolicLink":false,"fileMetaData":{"size":91942,"lastModifiedTime":1747641864602}},{"hashValue":"f85cf648d831bf2ed9e394474d504264","name":"cloud.png","path":"C:\\Users\\Lenovo\\Desktop\\hongmeng\\weatherAPP\\entry\\src\\main\\resources\\base\\media\\cloud.png","type":"file","isSymbolicLink":false,"fileMetaData":{"size":101561,"lastModifiedTime":1715849882257}},{"hashValue":"a1e704fff6a680d3b17ec573283686e3","name":"foreground.png","path":"C:\\Users\\Lenovo\\Desktop\\hongmeng\\weatherAPP\\entry\\src\\main\\resources\\base\\media\\foreground.png","type":"file","isSymbolicLink":false,"fileMetaData":{"size":8805,"lastModifiedTime":1747641864611}},{"hashValue":"e6dd96c4910cddf381bb05f9ca61b02f","name":"icon.png","path":"C:\\Users\\Lenovo\\Desktop\\hongmeng\\weatherAPP\\entry\\src\\main\\resources\\base\\media\\icon.png","type":"file","isSymbolicLink":false,"fileMetaData":{"size":6790,"lastModifiedTime":1715757732467}},{"hashValue":"b5f19be450f1ba9e4878eb8f94ad5a67","name":"layered_image.json","path":"C:\\Users\\Lenovo\\Desktop\\hongmeng\\weatherAPP\\entry\\src\\main\\resources\\base\\media\\layered_image.json","type":"file","isSymbolicLink":false,"fileMetaData":{"size":109,"lastModifiedTime":1747641864620}},{"hashValue":"7a2f79fbf4dc25eb3bc822edd42781da","name":"rain.png","path":"C:\\Users\\Lenovo\\Desktop\\hongmeng\\weatherAPP\\entry\\src\\main\\resources\\base\\media\\rain.png","type":"file","isSymbolicLink":false,"fileMetaData":{"size":209617,"lastModifiedTime":1715850534035}},{"hashValue":"07a9b956a1cbb219e0be3b71d830fd16","name":"startIcon.png","path":"C:\\Users\\Lenovo\\Desktop\\hongmeng\\weatherAPP\\entry\\src\\main\\resources\\base\\media\\startIcon.png","type":"file","isSymbolicLink":false,"fileMetaData":{"size":20093,"lastModifiedTime":1747641864633}},{"hashValue":"1f4bab5c3b55b2ccb81048b08bb08054","name":"sun.png","path":"C:\\Users\\Lenovo\\Desktop\\hongmeng\\weatherAPP\\entry\\src\\main\\resources\\base\\media\\sun.png","type":"file","isSymbolicLink":false,"fileMetaData":{"size":209431,"lastModifiedTime":1715849842525}}]},{"hashValue":"d2ec0e0e3be4e0fd28ba45fbaac4fc38","name":"profile","path":"C:\\Users\\Lenovo\\Desktop\\hongmeng\\weatherAPP\\entry\\src\\main\\resources\\base\\profile","type":"directory","isSymbolicLink":false,"children":[{"hashValue":"b364ab6cc070ea5cf2f86c8005af585b","name":"backup_config.json","path":"C:\\Users\\Lenovo\\Desktop\\hongmeng\\weatherAPP\\entry\\src\\main\\resources\\base\\profile\\backup_config.json","type":"file","isSymbolicLink":false,"fileMetaData":{"size":36,"lastModifiedTime":1747641864738}},{"hashValue":"2ed822a3fc30d0e32602753bcaf9364c","name":"main_pages.json","path":"C:\\Users\\Lenovo\\Desktop\\hongmeng\\weatherAPP\\entry\\src\\main\\resources\\base\\profile\\main_pages.json","type":"file","isSymbolicLink":false,"fileMetaData":{"size":57,"lastModifiedTime":1747734490792}}]}]},{"hashValue":"5762927450bebe4a1c3b3d4b1a235822","name":"dark","path":"C:\\Users\\Lenovo\\Desktop\\hongmeng\\weatherAPP\\entry\\src\\main\\resources\\dark","type":"directory","isSymbolicLink":false,"children":[{"hashValue":"9473093249ad922e296a452d106649e8","name":"element","path":"C:\\Users\\Lenovo\\Desktop\\hongmeng\\weatherAPP\\entry\\src\\main\\resources\\dark\\element","type":"directory","isSymbolicLink":false,"children":[{"hashValue":"e9a0a5324eb68b467014eea1d41670f1","name":"color.json","path":"C:\\Users\\Lenovo\\Desktop\\hongmeng\\weatherAPP\\entry\\src\\main\\resources\\dark\\element\\color.json","type":"file","isSymbolicLink":false,"fileMetaData":{"size":105,"lastModifiedTime":1747641864703}}]}]},{"hashValue":"","name":"rawfile","path":"C:\\Users\\Lenovo\\Desktop\\hongmeng\\weatherAPP\\entry\\src\\main\\resources\\rawfile","type":"directory","isSymbolicLink":false,"children":[]}]},"C:\\Users\\Lenovo\\Desktop\\hongmeng\\weatherAPP\\entry\\.preview\\default\\intermediates\\res\\default":{"hashValue":"4a66fa5843307bb1919d064bd28476a0","name":"default","path":"C:\\Users\\Lenovo\\Desktop\\hongmeng\\weatherAPP\\entry\\.preview\\default\\intermediates\\res\\default","type":"directory","isSymbolicLink":false,"children":[{"hashValue":"473bbd64fcdd6fb985f3729aca6428b9","name":"app_compiled","path":"C:\\Users\\Lenovo\\Desktop\\hongmeng\\weatherAPP\\entry\\.preview\\default\\intermediates\\res\\default\\app_compiled","type":"directory","isSymbolicLink":false,"children":[{"hashValue":"5dc03b264636182676a114b05699a9bc","name":"16496989672216173095","path":"C:\\Users\\Lenovo\\Desktop\\hongmeng\\weatherAPP\\entry\\.preview\\default\\intermediates\\res\\default\\app_compiled\\16496989672216173095","type":"file","isSymbolicLink":false,"fileMetaData":{"size":133,"lastModifiedTime":1747796407278}},{"hashValue":"1a91aea846a624325817d6d5b491ce89","name":"7739027537294915252","path":"C:\\Users\\Lenovo\\Desktop\\hongmeng\\weatherAPP\\entry\\.preview\\default\\intermediates\\res\\default\\app_compiled\\7739027537294915252","type":"file","isSymbolicLink":false,"fileMetaData":{"size":212,"lastModifiedTime":1747796407279}}]},{"hashValue":"851920cf848c42e359e744e07b3a6227","name":"ids_map","path":"C:\\Users\\Lenovo\\Desktop\\hongmeng\\weatherAPP\\entry\\.preview\\default\\intermediates\\res\\default\\ids_map","type":"directory","isSymbolicLink":false,"children":[{"hashValue":"38dbeeaeea89d404e357f5fcc22509a3","name":"id_defined.json","path":"C:\\Users\\Lenovo\\Desktop\\hongmeng\\weatherAPP\\entry\\.preview\\default\\intermediates\\res\\default\\ids_map\\id_defined.json","type":"file","isSymbolicLink":false,"fileMetaData":{"size":1367,"lastModifiedTime":1747796408299}}]},{"hashValue":"07d22e4cf34bcd19d78d8e53cef891fe","name":"mock-config.json","path":"C:\\Users\\Lenovo\\Desktop\\hongmeng\\weatherAPP\\entry\\.preview\\default\\intermediates\\res\\default\\mock-config.json","type":"file","isSymbolicLink":false,"fileMetaData":{"size":2,"lastModifiedTime":1747703612430}},{"hashValue":"1231360210e095eb162defb34e21b6a1","name":"module_compiled","path":"C:\\Users\\Lenovo\\Desktop\\hongmeng\\weatherAPP\\entry\\.preview\\default\\intermediates\\res\\default\\module_compiled","type":"directory","isSymbolicLink":false,"children":[{"hashValue":"5c79ea877e86c0da27f270d722e88fa6","name":"11021738268228255917","path":"C:\\Users\\Lenovo\\Desktop\\hongmeng\\weatherAPP\\entry\\.preview\\default\\intermediates\\res\\default\\module_compiled\\11021738268228255917","type":"file","isSymbolicLink":false,"fileMetaData":{"size":215,"lastModifiedTime":1747796407754}},{"hashValue":"30b8029111c96ea2691c66427c85beb3","name":"11295764459985324878","path":"C:\\Users\\Lenovo\\Desktop\\hongmeng\\weatherAPP\\entry\\.preview\\default\\intermediates\\res\\default\\module_compiled\\11295764459985324878","type":"file","isSymbolicLink":false,"fileMetaData":{"size":570,"lastModifiedTime":1747796407750}},{"hashValue":"4763be4b6945319cfd766babf32f5c88","name":"12902686751660170667","path":"C:\\Users\\Lenovo\\Desktop\\hongmeng\\weatherAPP\\entry\\.preview\\default\\intermediates\\res\\default\\module_compiled\\12902686751660170667","type":"file","isSymbolicLink":false,"fileMetaData":{"size":246,"lastModifiedTime":1747796407759}},{"hashValue":"07b20eddc2c8a8c597276eb85cfa798c","name":"13753763319852703090","path":"C:\\Users\\Lenovo\\Desktop\\hongmeng\\weatherAPP\\entry\\.preview\\default\\intermediates\\res\\default\\module_compiled\\13753763319852703090","type":"file","isSymbolicLink":false,"fileMetaData":{"size":242,"lastModifiedTime":1747796407756}},{"hashValue":"121cbdb89496789b40c9dd54fae28f14","name":"14026996156668808646","path":"C:\\Users\\Lenovo\\Desktop\\hongmeng\\weatherAPP\\entry\\.preview\\default\\intermediates\\res\\default\\module_compiled\\14026996156668808646","type":"file","isSymbolicLink":false,"fileMetaData":{"size":212,"lastModifiedTime":1747796407756}},{"hashValue":"7f68b552484617df0d08b7b8ec6d86d4","name":"14109840124168010378","path":"C:\\Users\\Lenovo\\Desktop\\hongmeng\\weatherAPP\\entry\\.preview\\default\\intermediates\\res\\default\\module_compiled\\14109840124168010378","type":"file","isSymbolicLink":false,"fileMetaData":{"size":230,"lastModifiedTime":1747796407753}},{"hashValue":"4801465ce76ec89448dfddf51dbe8413","name":"15185359588712485326","path":"C:\\Users\\Lenovo\\Desktop\\hongmeng\\weatherAPP\\entry\\.preview\\default\\intermediates\\res\\default\\module_compiled\\15185359588712485326","type":"file","isSymbolicLink":false,"fileMetaData":{"size":209,"lastModifiedTime":1747796407758}},{"hashValue":"66c200a1cfb2f801e1e6bbf0030a69e9","name":"16235845482878159826","path":"C:\\Users\\Lenovo\\Desktop\\hongmeng\\weatherAPP\\entry\\.preview\\default\\intermediates\\res\\default\\module_compiled\\16235845482878159826","type":"file","isSymbolicLink":false,"fileMetaData":{"size":143,"lastModifiedTime":1747796407747}},{"hashValue":"8701a00d61163ff30c28615fd2905993","name":"17380233676961599388","path":"C:\\Users\\Lenovo\\Desktop\\hongmeng\\weatherAPP\\entry\\.preview\\default\\intermediates\\res\\default\\module_compiled\\17380233676961599388","type":"file","isSymbolicLink":false,"fileMetaData":{"size":230,"lastModifiedTime":1747796407754}},{"hashValue":"3128fc4faf0251ccd9cf5e4c1da0b255","name":"2803058744979647076","path":"C:\\Users\\Lenovo\\Desktop\\hongmeng\\weatherAPP\\entry\\.preview\\default\\intermediates\\res\\default\\module_compiled\\2803058744979647076","type":"file","isSymbolicLink":false,"fileMetaData":{"size":158,"lastModifiedTime":1747796407761}},{"hashValue":"4f9102bba8ac5bb0f5289eefbd556b61","name":"3963427093377109587","path":"C:\\Users\\Lenovo\\Desktop\\hongmeng\\weatherAPP\\entry\\.preview\\default\\intermediates\\res\\default\\module_compiled\\3963427093377109587","type":"file","isSymbolicLink":false,"fileMetaData":{"size":212,"lastModifiedTime":1747796407755}},{"hashValue":"63b8a563677d65744c5233696cc50fe1","name":"5104924713646158103","path":"C:\\Users\\Lenovo\\Desktop\\hongmeng\\weatherAPP\\entry\\.preview\\default\\intermediates\\res\\default\\module_compiled\\5104924713646158103","type":"file","isSymbolicLink":false,"fileMetaData":{"size":150,"lastModifiedTime":1747796407746}},{"hashValue":"acc2382765e7e844c839d218ee7e5461","name":"5872946131705800052","path":"C:\\Users\\Lenovo\\Desktop\\hongmeng\\weatherAPP\\entry\\.preview\\default\\intermediates\\res\\default\\module_compiled\\5872946131705800052","type":"file","isSymbolicLink":false,"fileMetaData":{"size":227,"lastModifiedTime":1747796407758}},{"hashValue":"b24575d21abc27a1468f737a16fcf882","name":"8257747650363714206","path":"C:\\Users\\Lenovo\\Desktop\\hongmeng\\weatherAPP\\entry\\.preview\\default\\intermediates\\res\\default\\module_compiled\\8257747650363714206","type":"file","isSymbolicLink":false,"fileMetaData":{"size":237,"lastModifiedTime":1747796407760}}]},{"hashValue":"c253a4398e52fd45ac92a82a6643a77e","name":"module.json","path":"C:\\Users\\Lenovo\\Desktop\\hongmeng\\weatherAPP\\entry\\.preview\\default\\intermediates\\res\\default\\module.json","type":"file","isSymbolicLink":false,"fileMetaData":{"size":1847,"lastModifiedTime":1747796408419}},{"hashValue":"40ed277f0cca5422e7276ab2b5ebd0ab","name":"resources","path":"C:\\Users\\Lenovo\\Desktop\\hongmeng\\weatherAPP\\entry\\.preview\\default\\intermediates\\res\\default\\resources","type":"directory","isSymbolicLink":false,"children":[{"hashValue":"031ba7e9965f370a397fff87540e18c2","name":"base","path":"C:\\Users\\Lenovo\\Desktop\\hongmeng\\weatherAPP\\entry\\.preview\\default\\intermediates\\res\\default\\resources\\base","type":"directory","isSymbolicLink":false,"children":[{"hashValue":"8da91b672548cb2210aa99e23a15d3ad","name":"media","path":"C:\\Users\\Lenovo\\Desktop\\hongmeng\\weatherAPP\\entry\\.preview\\default\\intermediates\\res\\default\\resources\\base\\media","type":"directory","isSymbolicLink":false,"children":[{"hashValue":"c483d69e863bc9d357c29576e1dd4869","name":"layered_image.json","path":"C:\\Users\\Lenovo\\Desktop\\hongmeng\\weatherAPP\\entry\\.preview\\default\\intermediates\\res\\default\\resources\\base\\media\\layered_image.json","type":"file","isSymbolicLink":false,"fileMetaData":{"size":95,"lastModifiedTime":1747796408297}}]},{"hashValue":"85f79e78774731a5d752dc63d9257c63","name":"profile","path":"C:\\Users\\Lenovo\\Desktop\\hongmeng\\weatherAPP\\entry\\.preview\\default\\intermediates\\res\\default\\resources\\base\\profile","type":"directory","isSymbolicLink":false,"children":[{"hashValue":"b364ab6cc070ea5cf2f86c8005af585b","name":"backup_config.json","path":"C:\\Users\\Lenovo\\Desktop\\hongmeng\\weatherAPP\\entry\\.preview\\default\\intermediates\\res\\default\\resources\\base\\profile\\backup_config.json","type":"file","isSymbolicLink":false,"fileMetaData":{"size":36,"lastModifiedTime":1747641864738}},{"hashValue":"1dd250040e27da588d2d87c5ab54cf91","name":"main_pages.json","path":"C:\\Users\\Lenovo\\Desktop\\hongmeng\\weatherAPP\\entry\\.preview\\default\\intermediates\\res\\default\\resources\\base\\profile\\main_pages.json","type":"file","isSymbolicLink":false,"fileMetaData":{"size":40,"lastModifiedTime":1747796408352}}]}]}]},{"hashValue":"b2d8a842c1e4e715c44e810a4cf459dd","name":"resources.index","path":"C:\\Users\\Lenovo\\Desktop\\hongmeng\\weatherAPP\\entry\\.preview\\default\\intermediates\\res\\default\\resources.index","type":"file","isSymbolicLink":false,"fileMetaData":{"size":2002,"lastModifiedTime":1747796408298}},{"hashValue":"01aa1cd0f91c325ad787e8a2b8bf7417","name":"ResourceTable.txt","path":"C:\\Users\\Lenovo\\Desktop\\hongmeng\\weatherAPP\\entry\\.preview\\default\\intermediates\\res\\default\\ResourceTable.txt","type":"file","isSymbolicLink":false,"fileMetaData":{"size":523,"lastModifiedTime":1747796408303}}]},"C:\\Users\\Lenovo\\Desktop\\hongmeng\\weatherAPP\\entry\\.preview\\default\\generated\\r\\default":{"hashValue":"d04e4dae995251cf504c5a64b14c9311","name":"default","path":"C:\\Users\\Lenovo\\Desktop\\hongmeng\\weatherAPP\\entry\\.preview\\default\\generated\\r\\default","type":"directory","isSymbolicLink":false,"children":[{"hashValue":"abc6b4a304b9cf7552d4fc22efae3345","name":"ResourceTable.h","path":"C:\\Users\\Lenovo\\Desktop\\hongmeng\\weatherAPP\\entry\\.preview\\default\\generated\\r\\default\\ResourceTable.h","type":"file","isSymbolicLink":false,"fileMetaData":{"size":1535,"lastModifiedTime":1747796408302}}]},"C:\\Users\\Lenovo\\Desktop\\hongmeng\\weatherAPP\\entry\\src\\main\\resources\\base\\profile":{"hashValue":"d2ec0e0e3be4e0fd28ba45fbaac4fc38","name":"profile","path":"C:\\Users\\Lenovo\\Desktop\\hongmeng\\weatherAPP\\entry\\src\\main\\resources\\base\\profile","type":"directory","isSymbolicLink":false,"children":[{"hashValue":"b364ab6cc070ea5cf2f86c8005af585b","name":"backup_config.json","path":"C:\\Users\\Lenovo\\Desktop\\hongmeng\\weatherAPP\\entry\\src\\main\\resources\\base\\profile\\backup_config.json","type":"file","isSymbolicLink":false,"fileMetaData":{"size":36,"lastModifiedTime":1747641864738}},{"hashValue":"2ed822a3fc30d0e32602753bcaf9364c","name":"main_pages.json","path":"C:\\Users\\Lenovo\\Desktop\\hongmeng\\weatherAPP\\entry\\src\\main\\resources\\base\\profile\\main_pages.json","type":"file","isSymbolicLink":false,"fileMetaData":{"size":57,"lastModifiedTime":1747734490792}}]},"C:\\Users\\Lenovo\\Desktop\\hongmeng\\weatherAPP\\entry\\.preview\\default\\intermediates\\res\\default\\resources\\base\\profile":{"hashValue":"85f79e78774731a5d752dc63d9257c63","name":"profile","path":"C:\\Users\\Lenovo\\Desktop\\hongmeng\\weatherAPP\\entry\\.preview\\default\\intermediates\\res\\default\\resources\\base\\profile","type":"directory","isSymbolicLink":false,"children":[{"hashValue":"b364ab6cc070ea5cf2f86c8005af585b","name":"backup_config.json","path":"C:\\Users\\Lenovo\\Desktop\\hongmeng\\weatherAPP\\entry\\.preview\\default\\intermediates\\res\\default\\resources\\base\\profile\\backup_config.json","type":"file","isSymbolicLink":false,"fileMetaData":{"size":36,"lastModifiedTime":1747641864738}},{"hashValue":"1dd250040e27da588d2d87c5ab54cf91","name":"main_pages.json","path":"C:\\Users\\Lenovo\\Desktop\\hongmeng\\weatherAPP\\entry\\.preview\\default\\intermediates\\res\\default\\resources\\base\\profile\\main_pages.json","type":"file","isSymbolicLink":false,"fileMetaData":{"size":40,"lastModifiedTime":1747796408352}}]},"C:\\Users\\Lenovo\\Desktop\\hongmeng\\weatherAPP\\entry\\.preview\\default\\intermediates\\res\\default\\module.json":{"hashValue":"c253a4398e52fd45ac92a82a6643a77e","name":"module.json","path":"C:\\Users\\Lenovo\\Desktop\\hongmeng\\weatherAPP\\entry\\.preview\\default\\intermediates\\res\\default\\module.json","type":"file","isSymbolicLink":false,"fileMetaData":{"size":1847,"lastModifiedTime":1747796408419}},"C:\\Users\\Lenovo\\Desktop\\hongmeng\\weatherAPP\\entry\\.preview\\default\\intermediates\\res\\default\\resources\\base\\profile\\main_pages.json":{"hashValue":"1dd250040e27da588d2d87c5ab54cf91","name":"main_pages.json","path":"C:\\Users\\Lenovo\\Desktop\\hongmeng\\weatherAPP\\entry\\.preview\\default\\intermediates\\res\\default\\resources\\base\\profile\\main_pages.json","type":"file","isSymbolicLink":false,"fileMetaData":{"size":40,"lastModifiedTime":1747796408352}},"C:\\Users\\Lenovo\\Desktop\\hongmeng\\weatherAPP\\entry\\.preview\\default\\intermediates\\loader\\default":{"hashValue":"0d8db05bcd60a240af3b1a5f8c6ea4b3","name":"default","path":"C:\\Users\\Lenovo\\Desktop\\hongmeng\\weatherAPP\\entry\\.preview\\default\\intermediates\\loader\\default","type":"directory","isSymbolicLink":false,"children":[{"hashValue":"0c6a554328c983b36c79dc2b9f7e8197","name":"loader.json","path":"C:\\Users\\Lenovo\\Desktop\\hongmeng\\weatherAPP\\entry\\.preview\\default\\intermediates\\loader\\default\\loader.json","type":"file","isSymbolicLink":false,"fileMetaData":{"size":887,"lastModifiedTime":1747706386081}},{"hashValue":"cf30c2bed99cb2a66b7bd4552f0f3f24","name":"pkgContextInfo.json","path":"C:\\Users\\Lenovo\\Desktop\\hongmeng\\weatherAPP\\entry\\.preview\\default\\intermediates\\loader\\default\\pkgContextInfo.json","type":"file","isSymbolicLink":false,"fileMetaData":{"size":444,"lastModifiedTime":1747702352316}}]},"C:\\Users\\Lenovo\\Desktop\\hongmeng\\weatherAPP\\entry\\.preview\\default\\intermediates\\res\\default\\ResourceTable.txt":{"hashValue":"01aa1cd0f91c325ad787e8a2b8bf7417","name":"ResourceTable.txt","path":"C:\\Users\\Lenovo\\Desktop\\hongmeng\\weatherAPP\\entry\\.preview\\default\\intermediates\\res\\default\\ResourceTable.txt","type":"file","isSymbolicLink":false,"fileMetaData":{"size":523,"lastModifiedTime":1747796408303}},"C:\\Users\\Lenovo\\Desktop\\hongmeng\\weatherAPP\\entry\\src\\main\\ets":{"hashValue":"f5aee458ae934ef683e8e21156d849f2","name":"ets","path":"C:\\Users\\Lenovo\\Desktop\\hongmeng\\weatherAPP\\entry\\src\\main\\ets","type":"directory","isSymbolicLink":false,"children":[{"hashValue":"1aa9a2f7dd04a3e5dc68c79dff03b396","name":"entryability","path":"C:\\Users\\Lenovo\\Desktop\\hongmeng\\weatherAPP\\entry\\src\\main\\ets\\entryability","type":"directory","isSymbolicLink":false,"children":[{"hashValue":"86de84489dce2530e9ed8f20b2fe5a61","name":"EntryAbility.ets","path":"C:\\Users\\Lenovo\\Desktop\\hongmeng\\weatherAPP\\entry\\src\\main\\ets\\entryability\\EntryAbility.ets","type":"file","isSymbolicLink":false,"fileMetaData":{"size":1623,"lastModifiedTime":1747641864677}}]},{"hashValue":"33df80b25e12905665fdb4b06cc61cf4","name":"entrybackupability","path":"C:\\Users\\Lenovo\\Desktop\\hongmeng\\weatherAPP\\entry\\src\\main\\ets\\entrybackupability","type":"directory","isSymbolicLink":false,"children":[{"hashValue":"e9862d07f9237838fe6176449c99d730","name":"EntryBackupAbility.ets","path":"C:\\Users\\Lenovo\\Desktop\\hongmeng\\weatherAPP\\entry\\src\\main\\ets\\entrybackupability\\EntryBackupAbility.ets","type":"file","isSymbolicLink":false,"fileMetaData":{"size":522,"lastModifiedTime":1747641871309}}]},{"hashValue":"ad3332ee891349b39433dfeae2b42030","name":"pages","path":"C:\\Users\\Lenovo\\Desktop\\hongmeng\\weatherAPP\\entry\\src\\main\\ets\\pages","type":"directory","isSymbolicLink":false,"children":[{"hashValue":"dd0c099b329ae0bca548cdcba871bdd4","name":"AddCity.ets","path":"C:\\Users\\Lenovo\\Desktop\\hongmeng\\weatherAPP\\entry\\src\\main\\ets\\pages\\AddCity.ets","type":"file","isSymbolicLink":false,"fileMetaData":{"size":3150,"lastModifiedTime":1747796369116}},{"hashValue":"85e61d48ed0771c3e14a75ac07c12bdd","name":"Index.ets","path":"C:\\Users\\Lenovo\\Desktop\\hongmeng\\weatherAPP\\entry\\src\\main\\ets\\pages\\Index.ets","type":"file","isSymbolicLink":false,"fileMetaData":{"size":2553,"lastModifiedTime":1747734542440}}]},{"hashValue":"74273eed35939a25b88e00e507d4b999","name":"view","path":"C:\\Users\\Lenovo\\Desktop\\hongmeng\\weatherAPP\\entry\\src\\main\\ets\\view","type":"directory","isSymbolicLink":false,"children":[{"hashValue":"2bebb5c600e49929b2d7c5406b741605","name":"cityView.ets","path":"C:\\Users\\Lenovo\\Desktop\\hongmeng\\weatherAPP\\entry\\src\\main\\ets\\view\\cityView.ets","type":"file","isSymbolicLink":false,"fileMetaData":{"size":2905,"lastModifiedTime":1747734295826}}]},{"hashValue":"02a9e8eafad0c3237c6ea6909e2e9150","name":"viewmodel","path":"C:\\Users\\Lenovo\\Desktop\\hongmeng\\weatherAPP\\entry\\src\\main\\ets\\viewmodel","type":"directory","isSymbolicLink":false,"children":[{"hashValue":"470d01187075f61615049c19a0feffc6","name":"casts.ets","path":"C:\\Users\\Lenovo\\Desktop\\hongmeng\\weatherAPP\\entry\\src\\main\\ets\\viewmodel\\casts.ets","type":"file","isSymbolicLink":false,"fileMetaData":{"size":461,"lastModifiedTime":1747705541538}},{"hashValue":"433f1a4ec5721fba3b4c92f79ce15705","name":"forecasts.ets","path":"C:\\Users\\Lenovo\\Desktop\\hongmeng\\weatherAPP\\entry\\src\\main\\ets\\viewmodel\\forecasts.ets","type":"file","isSymbolicLink":false,"fileMetaData":{"size":221,"lastModifiedTime":1747705557024}},{"hashValue":"6f31114a88defb2af02ffa667ec72537","name":"getWeatherUtil.ets","path":"C:\\Users\\Lenovo\\Desktop\\hongmeng\\weatherAPP\\entry\\src\\main\\ets\\viewmodel\\getWeatherUtil.ets","type":"file","isSymbolicLink":false,"fileMetaData":{"size":2062,"lastModifiedTime":1747726367247}},{"hashValue":"fa160f066a537a637c4dd39a38c23013","name":"WeatherModel.ets","path":"C:\\Users\\Lenovo\\Desktop\\hongmeng\\weatherAPP\\entry\\src\\main\\ets\\viewmodel\\WeatherModel.ets","type":"file","isSymbolicLink":false,"fileMetaData":{"size":293,"lastModifiedTime":1747705565236}}]}]},"C:\\Users\\Lenovo\\Desktop\\hongmeng\\weatherAPP\\entry\\.preview\\default\\generated\\profile\\default\\ModuleInfo.ts":{"hashValue":"","name":"emptyroot","path":"","type":"unknown","isSymbolicLink":false,"children":[]},"C:\\Users\\Lenovo\\Desktop\\hongmeng\\weatherAPP\\entry\\.preview\\default\\intermediates\\loader_out\\default\\ets":{"hashValue":"","name":"emptyroot","path":"","type":"unknown","isSymbolicLink":false,"children":[]}}