{"deviceType":"phone,tablet,2in1","buildMode":"debug","note":"false","logLevel":"3","isPreview":"true","port":"29907","checkEntry":"true","localPropertiesPath":"C:\\Users\\Lenovo\\Desktop\\hongmeng\\weatherAPP\\local.properties","Path":"C:\\Program Files\\Huawei\\DevEco Studio\\tools\\node\\","aceProfilePath":"C:\\Users\\Lenovo\\Desktop\\hongmeng\\weatherAPP\\entry\\.preview\\default\\intermediates\\res\\default\\resources\\base\\profile","hapMode":"false","img2bin":"true","projectProfilePath":"C:\\Users\\Lenovo\\Desktop\\hongmeng\\weatherAPP\\build-profile.json5","watchMode":"true","appResource":"C:\\Users\\Lenovo\\Desktop\\hongmeng\\weatherAPP\\entry\\.preview\\default\\intermediates\\res\\default\\ResourceTable.txt","aceBuildJson":"C:\\Users\\Lenovo\\Desktop\\hongmeng\\weatherAPP\\entry\\.preview\\default\\intermediates\\loader\\default\\loader.json","aceModuleRoot":"C:\\Users\\Lenovo\\Desktop\\hongmeng\\weatherAPP\\entry\\src\\main\\ets","aceSoPath":"C:\\Users\\Lenovo\\Desktop\\hongmeng\\weatherAPP\\entry\\.preview\\cache\\nativeDependencies.txt","cachePath":"C:\\Users\\Lenovo\\Desktop\\hongmeng\\weatherAPP\\entry\\.preview\\cache\\.default","aceModuleBuild":"C:\\Users\\Lenovo\\Desktop\\hongmeng\\weatherAPP\\entry\\.preview\\default\\intermediates\\assets\\default\\ets","aceModuleJsonPath":"C:\\Users\\Lenovo\\Desktop\\hongmeng\\weatherAPP\\entry\\.preview\\default\\intermediates\\res\\default\\module.json","stageRouterConfig":{"paths":["C:\\Users\\Lenovo\\Desktop\\hongmeng\\weatherAPP\\entry\\.preview\\default\\intermediates\\res\\default\\module.json","C:\\Users\\Lenovo\\Desktop\\hongmeng\\weatherAPP\\entry\\.preview\\default\\intermediates\\res\\default\\resources\\base\\profile\\main_pages.json"],"contents":["{\"module\":{\"pages\":\"$profile:main_pages\",\"name\":\"entry\"}}","{\"src\":[\"pages/Index\",\"pages/AddCity\"]}"]}}