{
  "entry|entry|1.0.0|src/main/ets/entryability/EntryAbility.ts": {
    "version": 3,
    "file": "EntryAbility.ets",
    "sourceRoot": "",
    "sources": [
      "entry/src/main/ets/entryability/EntryAbility.ets"
    ],
    "names": [],
    "mappings": "YAAS,eAAe;OAAE,qBAAqB;OAAE,SAAS;YAAE,IAAI;OACvD,KAAK;YACL,MAAM;AAEf,MAAM,MAAM,GAAG,MAAM,CAAC;AAEtB,MAAM,CAAC,OAAO,OAAO,YAAa,SAAQ,SAAS;IACjD,QAAQ,CAAC,IAAI,EAAE,IAAI,EAAE,WAAW,EAAE,eAAe,CAAC,WAAW,GAAG,IAAI;QAClE,IAAI,CAAC,OAAO,CAAC,qBAAqB,EAAE,CAAC,YAAY,CAAC,qBAAqB,CAAC,SAAS,CAAC,kBAAkB,CAAC,CAAC;QACtG,KAAK,CAAC,IAAI,CAAC,MAAM,EAAE,SAAS,EAAE,YAAY,EAAE,kBAAkB,CAAC,CAAC;IAClE,CAAC;IAED,SAAS,IAAI,IAAI;QACf,KAAK,CAAC,IAAI,CAAC,MAAM,EAAE,SAAS,EAAE,YAAY,EAAE,mBAAmB,CAAC,CAAC;IACnE,CAAC;IAED,mBAAmB,CAAC,WAAW,EAAE,MAAM,CAAC,WAAW,GAAG,IAAI;QACxD,yDAAyD;QACzD,KAAK,CAAC,IAAI,CAAC,MAAM,EAAE,SAAS,EAAE,YAAY,EAAE,6BAA6B,CAAC,CAAC;QAE3E,WAAW,CAAC,WAAW,CAAC,aAAa,EAAE,CAAC,GAAG,EAAE,EAAE;YAC7C,IAAI,GAAG,CAAC,IAAI,EAAE;gBACZ,KAAK,CAAC,KAAK,CAAC,MAAM,EAAE,SAAS,EAAE,+CAA+C,EAAE,IAAI,CAAC,SAAS,CAAC,GAAG,CAAC,CAAC,CAAC;gBACrG,OAAO;aACR;YACD,KAAK,CAAC,IAAI,CAAC,MAAM,EAAE,SAAS,EAAE,mCAAmC,CAAC,CAAC;QACrE,CAAC,CAAC,CAAC;IACL,CAAC;IAED,oBAAoB,IAAI,IAAI;QAC1B,yDAAyD;QACzD,KAAK,CAAC,IAAI,CAAC,MAAM,EAAE,SAAS,EAAE,YAAY,EAAE,8BAA8B,CAAC,CAAC;IAC9E,CAAC;IAED,YAAY,IAAI,IAAI;QAClB,oCAAoC;QACpC,KAAK,CAAC,IAAI,CAAC,MAAM,EAAE,SAAS,EAAE,YAAY,EAAE,sBAAsB,CAAC,CAAC;IACtE,CAAC;IAED,YAAY,IAAI,IAAI;QAClB,iCAAiC;QACjC,KAAK,CAAC,IAAI,CAAC,MAAM,EAAE,SAAS,EAAE,YAAY,EAAE,sBAAsB,CAAC,CAAC;IACtE,CAAC;CACF",
    "entry-package-info": "entry|1.0.0"
  },
  "entry|entry|1.0.0|src/main/ets/entrybackupability/EntryBackupAbility.ts": {
    "version": 3,
    "file": "EntryBackupAbility.ets",
    "sourceRoot": "",
    "sources": [
      "entry/src/main/ets/entrybackupability/EntryBackupAbility.ets"
    ],
    "names": [],
    "mappings": "OAAS,KAAK;OACL,sBAAsB;cAAE,aAAa,IAAb,aAAa;AAE9C,MAAM,MAAM,GAAG,MAAM,CAAC;AAEtB,MAAM,CAAC,OAAO,OAAO,kBAAmB,SAAQ,sBAAsB;IACpE,KAAK,CAAC,QAAQ;QACZ,KAAK,CAAC,IAAI,CAAC,MAAM,EAAE,SAAS,EAAE,aAAa,CAAC,CAAC;QAC7C,MAAM,OAAO,CAAC,OAAO,EAAE,CAAC;IAC1B,CAAC;IAED,KAAK,CAAC,SAAS,CAAC,aAAa,EAAE,aAAa;QAC1C,KAAK,CAAC,IAAI,CAAC,MAAM,EAAE,SAAS,EAAE,yBAAyB,EAAE,IAAI,CAAC,SAAS,CAAC,aAAa,CAAC,CAAC,CAAC;QACxF,MAAM,OAAO,CAAC,OAAO,EAAE,CAAC;IAC1B,CAAC;CACF",
    "entry-package-info": "entry|1.0.0"
  },
  "entry|entry|1.0.0|src/main/ets/pages/Index.ts": {
    "version": 3,
    "file": "Index.ets",
    "sourceRoot": "",
    "sources": [
      "entry/src/main/ets/pages/Index.ets"
    ],
    "names": [],
    "mappings": ";;;;IAeS,eAAe,GAAE,KAAK,CAAC,YAAY,CAAC;IAEpC,YAAY,GAAE,KAAK,CAAC,MAAM,CAAC;IAE3B,YAAY,GAAE,KAAK,CAAC,MAAM,CAAC;IAE3B,SAAS,GAAE,MAAM;IAExB,aAAa,GAAC,cAAc;;OAvBvB,EAAE,QAAQ,EAAE;OACZ,cAAc;OACd,EAAE,YAAY,EAAE;OACd,MAAM;AAEf,UAAU,+BAA+B;IACvC,KAAK,CAAC,EAAE,MAAM,EAAE,CAAC,CAAC,WAAW;IAC7B,KAAK,CAAC,EAAE,MAAM,EAAE,CAAC;CAClB;MAKM,KAAK;IAFZ;;;;;8DAIgD,EAAE;QAChD,UAAU;;2DAC2B,CAAC,MAAM,EAAC,MAAM,CAAC;QACpD,QAAQ;;2DAC6B,EAAE;QACvC,QAAQ;;wDACmB,CAAC;6BAEG,IAAI,cAAc,EAAE;;;KAfpD;;;;;;;;;;;;;;;;;;;;;;;;;;;;;;;;;;IAMC,QAAQ;IACR,oDAAwB,KAAK,CAAC,YAAY,CAAC,EAAK;QAAzC,eAAe;;;QAAf,eAAe,WAAE,KAAK,CAAC,YAAY,CAAC;;;IAC3C,UAAU;IACV,iDAAqB,KAAK,CAAC,MAAM,CAAC,EAAkB;QAA7C,YAAY;;;QAAZ,YAAY,WAAE,KAAK,CAAC,MAAM,CAAC;;;IAClC,QAAQ;IACR,iDAAqB,KAAK,CAAC,MAAM,CAAC,EAAK;QAAhC,YAAY;;;QAAZ,YAAY,WAAE,KAAK,CAAC,MAAM,CAAC;;;IAClC,QAAQ;IACR,8CAAkB,MAAM,EAAI;QAArB,SAAS;;;QAAT,SAAS,WAAE,MAAM;;;IAExB,uBAAc,cAAc,CAAuB;IAEnD,MAAM;IACG,QAAQ,CAAC,KAAK,EAAC,MAAM;;YAC5B,MAAM,QAAC,EAAC,KAAK,EAAC,EAAE,EAAC,MAAM,EAAC,EAAE,EAAC;;YAA3B,MAAM,CACH,IAAI,CAAC,IAAI,CAAC,SAAS,KAAK,KAAK,CAAC,CAAC,CAAC,KAAK,CAAC,KAAK,CAAA,CAAC,CAAA,KAAK,CAAC,IAAI;YADzD,MAAM,CACqD,OAAO,CAAC,GAAG;;KACvE;IAED,UAAU,IAAI,IAAI;QAEhB,IAAI,MAAM,GAAG,MAAM,CAAC,SAAS,EAAE,IAAI,+BAA+B,CAAC;QACnE,IAAG,MAAM,KAAK,IAAI,EAAC;YACjB,IAAI,CAAC,YAAY,GAAG,MAAM,EAAE,KAAK,IAAI,EAAE,CAAC;YAExC,QAAQ;YACR,IAAI,CAAC,eAAe,GAAG,EAAE,CAAA;YACzB,IAAI,CAAC,YAAY,GAAG,EAAE,CAAA;YACtB,IAAI,CAAC,QAAQ,EAAE,CAAA;SAChB;IACH,CAAC;IAED,MAAM;IACN,aAAa;QACX,IAAI,CAAC,QAAQ,EAAE,CAAA;IACjB,CAAC;IAED,KAAK,CAAE,QAAQ;QACb,SAAS;QACT,IAAI,MAAM,EAAE,KAAK,CAAC,YAAY,CAAC,GAAG,MAClC,cAAc,CAAC,WAAW,CAAC,IAAI,CAAC,YAAY,CAAC,CAAA;QAE7C,KAAK,IAAI,CAAC,GAAG,CAAC,EAAE,CAAC,GAAG,MAAM,CAAC,MAAM,EAAE,CAAC,EAAE,EAAE;YACtC,IAAI,YAAY,GAAG,IAAI,YAAY,EAAE,CAAC;YACtC,YAAY,GAAG,MAAM,CAAC,CAAC,CAAC,CAAA;YACxB,IAAI,CAAC,eAAe,CAAC,IAAI,CAAC,YAAY,CAAC,CAAA;YACvC,IAAK,QAAQ,GACX,IAAI,CAAC,eAAe,CAAC,CAAC,CAAC,CAAC,SAAS,CAAC,CAAC,CAAC,CAAC,IAAI,CAAA;YAC3C,IAAI,CAAC,YAAY,CAAC,IAAI,CAAC,QAAQ,CAAC,CAAA;SACjC;IACH,CAAC;IAID;;YACE,MAAM;;YAAN,MAAM,CA2DL,KAAK,CAAC,MAAM;YA3Db,MAAM,CA4DL,MAAM,CAAC,MAAM;YA5Dd,MAAM,CA6DL,eAAe,CAAC,SAAS;;;YA5DxB,GAAG;;YAAH,GAAG,CA0CD,KAAK,CAAC,MAAM;YA1Cd,GAAG,CA0Ca,MAAM,CAAC,KAAK;YA1C5B,GAAG,CA0C2B,cAAc,CAAC,SAAS,CAAC,YAAY;;;YAzCjE,MAAM,iBAAC,IAAI;;YAAX,MAAM,CACH,QAAQ,CAAC,EAAE;YADd,MAAM,CAEH,SAAS,CAAC,KAAK,CAAC,IAAI;YAFvB,MAAM,CAGH,OAAO,CAAC,GAAG;YAHd,MAAM,CAIH,eAAe,CAAC,SAAS;YAJ5B,MAAM,CAKH,MAAM,CAAC,EAAE,MAAM,EAAE,EAAE,EAAE;YALxB,MAAM,CAMH,OAAO,CAAC,GAAE,EAAE;gBACX,MAAM,CAAC,OAAO,CAAC;oBACb,GAAG,EAAC,eAAe;oBACnB,MAAM,EAAC;wBACL,KAAK,EAAC,IAAI,CAAC,YAAY;wBACvB,KAAK,EAAC,IAAI,CAAC,YAAY;qBACxB;iBACF,CAAC,CAAA;YACJ,CAAC;;QAdH,MAAM;;YAgBN,IAAI,QAAC,IAAI,CAAC,YAAY,CAAC,IAAI,CAAC,SAAS,CAAC;;YAAtC,IAAI,CAAoC,QAAQ,CAAC,EAAE;YAAnD,IAAI,CAAiD,SAAS,CAAC,KAAK,CAAC,MAAM;;QAA3E,IAAI;;YACJ,MAAM,iBAAC,IAAI;;YAAX,MAAM,CACH,QAAQ,CAAC,EAAE;YADd,MAAM,CAEH,SAAS,CAAC,KAAK,CAAC,IAAI;YAFvB,MAAM,CAGH,OAAO,CAAC,GAAG;YAHd,MAAM,CAIH,eAAe,CAAC,SAAS;YAJ5B,MAAM,CAKH,MAAM,CAAC,EAAE,MAAM,EAAE,EAAE,EAAE;YALxB,MAAM,CAMH,OAAO,CAAC,GAAE,EAAE;gBACX,WAAW,CAAC,IAAI,CAAC;oBACf,KAAK,EAAC,IAAI;oBACV,OAAO,EAAC,SAAS,IAAI,CAAC,YAAY,CAAC,IAAI,CAAC,SAAS,CAAC,GAAG;oBACrD,OAAO,EAAC;wBACN,KAAK,EAAC,IAAI;wBACV,MAAM,EAAC,GAAE,EAAE;4BACT,IAAI,CAAC,YAAY;gCACf,IAAI,CAAC,YAAY,CAAC,MAAM,CAAC,IAAI,CAAC,EAAE,CAAC,IAAI,KAAK,IAAI,CAAC,YAAY,CAAC,IAAI,CAAC,SAAS,CAAC,CAAC,CAAA;4BAC9E,IAAI,CAAC,YAAY;gCACf,IAAI,CAAC,YAAY,CAAC,MAAM,CAAC,IAAI,CAAC,EAAE,CAAC,IAAI,KAAK,IAAI,CAAC,YAAY,CAAC,IAAI,CAAC,SAAS,CAAC,CAAC,CAAA;4BAC9E,IAAI,CAAC,eAAe;gCAClB,IAAI,CAAC,eAAe,CAAC,MAAM,CAAC,IAAI,CAAC,EAAE,CAAC,IAAI,KAAK,IAAI,CAAC,eAAe,CAAC,IAAI,CAAC,SAAS,CAAC,CAAC,CAAA;wBAEtF,CAAC;qBACF;iBACF,CAAC,CAAA;YACJ,CAAC;;QAvBH,MAAM;QAlBR,GAAG;;YA4CH,IAAI,QAAC,EAAC,WAAW,EAAC,WAAW,CAAC,KAAK,EAAC,UAAU,EAAC,IAAI,CAAC,aAAa,EAAC;;YAAlE,IAAI,CAOF,QAAQ,CAAC,EAAE;YAPb,IAAI,CAQH,SAAS,CAAC,EAAE;YARb,IAAI,CASH,QAAQ,CAAC,CAAC,KAAK,EAAC,MAAM,EAAC,EAAE;gBACxB,IAAI,CAAC,SAAS,GAAG,KAAK,CAAA;YACxB,CAAC;;;YAVC,OAAO;;;;;;;;4DAEH,QAAQ,OAAC,EAAC,KAAK,EAAC,WAAW,CAAC,SAAS,CAAC,CAAC,CAAC,CAAC,KAAK,EAAC;;;;4CAArC,KAAK,EAAC,WAAW,CAAC,SAAS,CAAC,CAAC,CAAC,CAAC,KAAK;;;;;;;;;;;+BAC9C,MAAM;4BAAC,IAAI,CAAC,QAAQ,YAAC,IAAI,CAAC,eAAe,CAAC,SAAS,CAAC,GAAG,CAAA,EAAE,CAAA,GAAG,KAAG,WAAW,CAAC;;;;;;+CAHvE,IAAI,CAAC,eAAe;;QAA5B,OAAO;QADT,IAAI;QA7CN,MAAM;KA8DP",
    "entry-package-info": "entry|1.0.0"
  },
  "entry|entry|1.0.0|src/main/ets/viewmodel/getWeatherUtil.ts": {
    "version": 3,
    "file": "getWeatherUtil.ets",
    "sourceRoot": "",
    "sources": [
      "entry/src/main/ets/viewmodel/getWeatherUtil.ets"
    ],
    "names": [],
    "mappings": "cAAS,YAAY,QAAQ,2BAA2B;OACjD,IAAI;AAEX,MAAM,cAAc;IAEpB,UAAU,CAAC,QAAQ,EAAC,MAAM,GAAE,OAAO,CAAC,YAAY,CAAC;QAC/C,OAAO,IAAI,OAAO,CAAC,YAAY,EAAE,CAAC,OAAO,EAAC,MAAM,EAAC,EAAE;YAEjD,IAAI,OAAO,GAAG,IAAI,CAAC,UAAU,EAAE,CAAA;YAC/B,IAAI,GAAG,GAAE,wDAAwD,QAAQ,sDAAsD,CAAA;YAE/H,OAAO,CAAC,GAAG,CAAC,QAAQ,EAAC,GAAG,CAAC,CAAA;YAEzB,OAAO,CAAC,OAAO,CAAC,GAAG,EAAE,CAAC,GAAG,EAAE,GAAG,EAAE,EAAE;gBAChC,IAAI,GAAG,EAAE;oBACP,OAAO,CAAC,KAAK,CAAC,OAAO,EAAE,GAAG,CAAC,CAAA,CAAE,SAAS;oBACtC,MAAM,CAAC,GAAG,CAAC,CAAA;oBACX,OAAM;iBACP;gBAED,OAAO,CAAC,GAAG,CAAC,QAAQ,EAAE,GAAG,CAAC,YAAY,CAAC,CAAA,CAAE,SAAS;gBAClD,OAAO,CAAC,GAAG,CAAC,OAAO,EAAE,GAAG,CAAC,MAAM,CAAC,QAAQ,EAAE,CAAC,CAAA,CAAE,aAAa;gBAE1D,IAAI,GAAG,CAAC,YAAY,KAAK,GAAG,EAAE;oBAC5B,IAAI;wBACF,MAAM,WAAW,EAAE,YAAY,GAAG,IAAI,CAAC,KAAK,CAAC,GAAG,CAAC,MAAM,CAAC,QAAQ,EAAE,CAAC,CAAA;wBACnE,OAAO,CAAC,GAAG,CAAC,OAAO,EAAE,WAAW,CAAC,CAAA,CAAE,SAAS;wBAC5C,OAAO,CAAC,WAAW,CAAC,CAAA;qBACrB;oBAAC,OAAO,CAAC,EAAE;wBACV,OAAO,CAAC,KAAK,CAAC,OAAO,EAAE,CAAC,CAAC,CAAA,CAAE,WAAW;wBACtC,MAAM,CAAC,IAAI,KAAK,CAAC,8BAA8B,CAAC,CAAC,CAAA;qBAClD;iBACF;qBAAM;oBACL,OAAO,CAAC,KAAK,CAAC,OAAO,EAAE,GAAG,CAAC,YAAY,CAAC,CAAA,CAAE,SAAS;oBACnD,MAAM,CAAC,IAAI,KAAK,CAAC,mCAAmC,GAAG,CAAC,YAAY,EAAE,CAAC,CAAC,CAAA;iBACzE;YACH,CAAC,CAAC,CAAA;QACJ,CAAC,CAAC,CAAA;IACJ,CAAC;IAEC,kBAAkB;IACpB,KAAK,CAAC,WAAW,CAAC,SAAS,EAAC,KAAK,CAAC,MAAM,CAAC,GAAE,OAAO,CAAC,YAAY,EAAE,CAAC;QAC9D,MAAM,QAAQ,EAAE,KAAK,CAAC,OAAO,CAAC,YAAY,CAAC,CAAC,GAAE,EAAE,CAAC;QAGjD,KAAI,IAAI,CAAC,GAAG,CAAC,EAAE,CAAC,GAAG,SAAS,CAAC,MAAM,EAAG,CAAC,EAAE,EAAC;YACxC,QAAQ,CAAC,IAAI,CAAC,IAAI,CAAC,UAAU,CAAC,SAAS,CAAC,CAAC,CAAC,CAAC,CAAC,CAAC;SAC9C;QAEH,OAAO,OAAO,CAAC,GAAG,CAAC,QAAQ,CAAC,CAAC,IAAI,CAAC,OAAO,CAAC,EAAE;YAC1C,OAAO,CAAC,OAAO,CAAC,OAAO,CAAC,EAAE;gBACxB,IAAI,OAAO,CAAC,SAAS,IAAI,OAAO,CAAC,SAAS,CAAC,MAAM,GAAG,CAAC,EAAE;oBACrD,OAAO,CAAC,GAAG,CAAC,OAAO,CAAC,SAAS,CAAC,CAAC,CAAC,CAAC,IAAI,CAAC,CAAC;iBACxC;YACH,CAAC,CAAC,CAAC;YACH,OAAO,OAAO,CAAC,CAAC,qBAAqB;QACvC,CAAC,CAAC,CAAC;IACH,CAAC;CAGF;AAED,MAAM,cAAc,GAAG,IAAI,cAAc,EAAE,CAAA;AAC3C,eAAe,cAAc,CAAA",
    "entry-package-info": "entry|1.0.0"
  },
  "entry|entry|1.0.0|src/main/ets/viewmodel/WeatherModel.ts": {
    "version": 3,
    "file": "WeatherModel.ets",
    "sourceRoot": "",
    "sources": [
      "entry/src/main/ets/viewmodel/WeatherModel.ets"
    ],
    "names": [],
    "mappings": "cAAS,SAAS,QAAQ,aAAa;AAEvC,MAAM,OAAO,YAAY;IACvB,MAAM,EAAE,MAAM,GAAG,EAAE,CAAC,CAAE,aAAa;IACnC,KAAK,EAAE,MAAM,GAAG,EAAE,CAAC,CAAG,aAAa;IACnC,IAAI,EAAE,MAAM,GAAG,EAAE,CAAC;IAClB,QAAQ,EAAE,MAAM,GAAG,EAAE,CAAC,CAAC,aAAa;IACpC,SAAS,EAAE,KAAK,CAAC,SAAS,CAAC,GAAG,EAAE,CAAC;CAClC",
    "entry-package-info": "entry|1.0.0"
  },
  "entry|entry|1.0.0|src/main/ets/view/cityView.ts": {
    "version": 3,
    "file": "cityView.ets",
    "sourceRoot": "",
    "sources": [
      "entry/src/main/ets/view/cityView.ets"
    ],
    "names": [],
    "mappings": ";;;;IAKE,MAAM;IACN,QAAQ;IAER,KAAK,GAAC,KAAK,CAAC,KAAK,CAAC;;cARX,KAAK,QAAO,oBAAoB;AAGzC,MAAM,OAAQ,QAAQ;IAFtB;;;;;qBAOsB,EAAE;;;KARiB;;;;;;;;;;;;;;IAKvC,MAAM;IACN,QAAQ;IAER,eAAM,KAAK,CAAC,KAAK,CAAC,CAAI;IAEb,aAAa,CAAC,OAAO,EAAC,MAAM;;;YAEjC,IAAG,OAAO,KAAK,GAAG,EAAC;;;wBACjB,KAAK;;wBAAL,KAAK,CAAsB,KAAK,CAAC,EAAE;;;aACpC;;;;aAAA;;;;;YACD,IAAG,OAAO,KAAK,GAAG,EAAC;;;wBACjB,KAAK;;wBAAL,KAAK,CAAwB,KAAK,CAAC,EAAE;;;aACtC;;;;aAAA;;;;;YACD,IAAG,OAAO,KAAK,IAAI,EAAC;;;wBAClB,KAAK;;wBAAL,KAAK,CAAwB,KAAK,CAAC,EAAE;;;aACtC;;;;aAAA;;;;;YACD,IAAG,OAAO,KAAK,GAAG,EAAC;;;wBACjB,KAAK;;wBAAL,KAAK,CAAuB,KAAK,CAAC,EAAE;;;aACrC;iBAEL,MAAM;;;;aAFD;;;KACJ;IACD,MAAM;IAEN;;YACE,MAAM;;YAAN,MAAM,CAkEJ,KAAK,CAAC,MAAM;YAlEd,MAAM,CAkEU,MAAM,CAAC,MAAM;;;YAjE3B,QAAQ;YACR,OAAO;;;;;oBACL,IAAG,IAAI,CAAC,KAAK,CAAC,CAAC,CAAC,KAAK,IAAI,EAAC;;;gCACxB,IAAI;gCACJ,GAAG;;gCADH,IAAI;gCACJ,GAAG,CAaD,MAAM,CAAC,KAAK;;;;gCAZZ,IAAG,IAAI,CAAC,UAAU,KAAK,GAAG,EAAC;;;4CACzB,KAAK;;4CAAL,KAAK,CAAsB,KAAK,CAAC,GAAG;;;iCACrC;;;;iCAAA;;;;;gCACD,IAAG,IAAI,CAAC,UAAU,KAAK,GAAG,EAAC;;;4CACzB,KAAK;;4CAAL,KAAK,CAAwB,KAAK,CAAC,GAAG;;;iCACvC;;;;iCAAA;;;;;gCACD,IAAG,IAAI,CAAC,UAAU,KAAK,IAAI,EAAC;;;4CAC1B,KAAK;;4CAAL,KAAK,CAAwB,KAAK,CAAC,GAAG;;;iCACvC;;;;iCAAA;;;;;gCACD,IAAG,IAAI,CAAC,UAAU,KAAK,GAAG,EAAC;;;4CACzB,KAAK;;4CAAL,KAAK,CAAuB,KAAK,CAAC,GAAG;;;iCACtC;;;;iCAAA;;;4BAbH,IAAI;4BACJ,GAAG;;gCAcH,MAAM;;gCAAN,MAAM,CAeL,MAAM,CAAC,EAAC,GAAG,EAAC,EAAE,EAAC;;;gCAdd,OAAO;gCACP,GAAG;;;;gCACD,IAAI,QAAC,IAAI,CAAC,UAAU;;gCAApB,IAAI,CAAkB,QAAQ,CAAC,EAAE;gCAAjC,IAAI,CACD,SAAS,CAAC,KAAK,CAAC,KAAK;gCADxB,IAAI,CACsB,UAAU,CAAC,UAAU,CAAC,IAAI;;4BADpD,IAAI;;gCAEJ,IAAI,QAAC,GAAG,GAAC,IAAI,CAAC,OAAO,GAAE,KAAK,GAAC,IAAI,CAAC,SAAS,GAAG,GAAG;;gCAAjD,IAAI,CACD,QAAQ,CAAC,EAAE;gCADd,IAAI,CACY,SAAS,CAAC,KAAK,CAAC,KAAK;gCADrC,IAAI,CACmC,UAAU,CAAC,UAAU,CAAC,IAAI;;4BADjE,IAAI;4BAJN,OAAO;4BACP,GAAG;;gCAMH,GAAG;;;;gCACD,IAAI,QAAC,IAAI,CAAC,OAAO,GAAE,GAAG;;gCAAtB,IAAI,CAAoB,QAAQ,CAAC,EAAE;gCAAnC,IAAI,CACD,SAAS,CAAC,KAAK,CAAC,KAAK;gCADxB,IAAI,CACsB,UAAU,CAAC,UAAU,CAAC,IAAI;;4BADpD,IAAI;;gCAEJ,IAAI,QAAC,IAAI,CAAC,QAAQ,GAAE,GAAG;;gCAAvB,IAAI,CAAqB,QAAQ,CAAC,EAAE;gCAApC,IAAI,CACD,SAAS,CAAC,KAAK,CAAC,KAAK;gCADxB,IAAI,CACsB,UAAU,CAAC,UAAU,CAAC,IAAI;;4BADpD,IAAI;4BAHN,GAAG;4BARL,MAAM;;qBAgBP;;;;qBAAA;;;;+CAjCK,IAAI,CAAC,KAAK;;QADlB,QAAQ;QACR,OAAO;;YAoCP,QAAQ;YACR,MAAM;;YADN,QAAQ;YACR,MAAM,CA0BJ,KAAK,CAAC,MAAM;YA3Bd,QAAQ;YACR,MAAM,CA0BU,MAAM,CAAC,KAAK;;;YAzB1B,IAAI,QAAC,QAAQ;;YAAb,IAAI,CAAW,QAAQ,CAAC,EAAE;YAA1B,IAAI,CAAwB,MAAM,CAAC,EAAC,GAAG,EAAC,EAAE,EAAC;;QAA3C,IAAI;;YACJ,QAAQ;YACR,GAAG;;YADH,QAAQ;YACR,GAAG,CAiBF,KAAK,CAAC,KAAK;YAlBZ,QAAQ;YACR,GAAG,CAkBF,MAAM,CAAC,KAAK;YAnBb,QAAQ;YACR,GAAG,CAmBF,eAAe,CAAC,WAAW;YApB5B,QAAQ;YACR,GAAG,CAoBF,OAAO,CAAC,GAAG;YArBZ,QAAQ;YACR,GAAG,CAqBF,cAAc,CAAC,SAAS,CAAC,WAAW;;;YApBnC,OAAO;;;;oBACL,MAAM;;oBAAN,MAAM,CAUJ,KAAK,CAAC,KAAK;oBAVb,MAAM,CAUS,MAAM,CAAC,KAAK;;;oBATzB,IAAI,QAAC,IAAI,CAAC,IAAI,CAAC,SAAS,CAAC,CAAC,CAAC;;;gBAA3B,IAAI;gBACJ,IAAI,CAAC,aAAa,YAAC,IAAI,CAAC,UAAU,CAAC;;oBACnC,IAAI,QAAC,IAAI,CAAC,OAAO,CAAC,QAAQ,EAAE;;;gBAA5B,IAAI;;oBACJ,IAAI;;oBAAJ,IAAI,CACD,KAAK,CAAC,EAAE;oBADX,IAAI,CACS,MAAM,CAAC,EAAE;oBADtB,IAAI,CACoB,UAAU,CAAC,CAAC,EAAE,EAAE,CAAC,CAAC;oBAD1C,IAAI,CAED,QAAQ,CAAC,CAAC,EAAE,EAAE,EAAE,CAAC;oBAFpB,IAAI,CAEkB,MAAM,CAAC,KAAK,CAAC,KAAK;oBAFxC,IAAI,CAGD,WAAW,CAAC,CAAC;oBAHhB,IAAI,CAGc,eAAe,CAAC,CAAC,EAAE,EAAE,CAAC,CAAC;;;oBACzC,IAAI,QAAC,IAAI,CAAC,SAAS,CAAC,QAAQ,EAAE;;;gBAA9B,IAAI;gBACJ,IAAI,CAAC,aAAa,YAAC,IAAI,CAAC,YAAY,CAAC;gBATvC,MAAM;;+CADA,IAAI,CAAC,KAAK;;QAAlB,OAAO;QAFT,QAAQ;QACR,GAAG;QAJL,QAAQ;QACR,MAAM;QAvCR,MAAM;KAoEP",
    "entry-package-info": "entry|1.0.0"
  },
  "entry|entry|1.0.0|src/main/ets/pages/AddCity.ts": {
    "version": 3,
    "file": "AddCity.ets",
    "sourceRoot": "",
    "sources": [
      "entry/src/main/ets/pages/AddCity.ets"
    ],
    "names": [],
    "mappings": ";;;;IAWS,eAAe,GAAE,KAAK,CAAC,MAAM,CAAC;IAE9B,eAAe,GAAE,KAAK,CAAC,MAAM,CAAC;IAI9B,YAAY,GAAE,MAAM,EAAE;IACtB,YAAY,GAAE,MAAM,EAAE;;OAlBtB,MAAM;AAEf,UAAU,+BAA+B;IACvC,KAAK,CAAC,EAAE,MAAM,EAAE,CAAC,CAAC,WAAW;IAC7B,KAAK,CAAC,EAAE,MAAM,EAAE,CAAC;CAClB;MAIM,OAAO;IAFd;;;;;8DAKI,CAAC,MAAM,EAAC,MAAM,EAAC,MAAM,EAAC,MAAM,EAAC,MAAM,EAAC,MAAM,EAAC,MAAM,CAAC;8DAElD,CAAC,KAAK,EAAC,KAAK,EAAC,KAAK,EAAC,KAAK,EAAC,KAAK,EAAC,KAAK,EAAC,KAAK,CAAC;QAE7C,SAAS;;2DACqB,EAAE;2DACF,EAAE;;;KAbjC;;;;;;;;;;;;;;;;;;;;;;;;;;;;;;;IAMC,oDAAwB,KAAK,CAAC,MAAM,CAAC,EACe;QAD7C,eAAe;;;QAAf,eAAe,WAAE,KAAK,CAAC,MAAM,CAAC;;;IAErC,oDAAwB,KAAK,CAAC,MAAM,CAAC,EACQ;QADtC,eAAe;;;QAAf,eAAe,WAAE,KAAK,CAAC,MAAM,CAAC;;;IAGrC,SAAS;IACT,iDAAqB,MAAM,EAAE,EAAG;QAAzB,YAAY;;;QAAZ,YAAY,WAAE,MAAM,EAAE;;;IAC7B,iDAAqB,MAAM,EAAE,EAAG;QAAzB,YAAY;;;QAAZ,YAAY,WAAE,MAAM,EAAE;;;IAE7B,UAAU,IAAI,IAAI;QAChB,IAAI,MAAM,GAAG,MAAM,CAAC,SAAS,EAAE,IAAI,+BAA+B,CAAC;QAEnE,kBAAkB;QAClB,IAAI,CAAC,YAAY,GAAG,MAAM,EAAE,KAAK,IAAI,EAAE,CAAC;QACxC,IAAI,CAAC,YAAY,GAAG,MAAM,EAAE,KAAK,IAAI,EAAE,CAAC;IAC1C,CAAC;IAED;;YACE,MAAM;;YAAN,MAAM,CA4DJ,KAAK,CAAC,MAAM;YA5Dd,MAAM,CA4DU,MAAM,CAAC,MAAM;YA5D7B,MAAM,CA4DyB,eAAe,CAAC,SAAS;;;YA3DtD,GAAG;;YAAH,GAAG,CAaD,MAAM,CAAC,KAAK;YAbd,GAAG,CAaa,KAAK,CAAC,KAAK;;;YAZzB,IAAI,QAAC,QAAQ;;YAAb,IAAI,CAAW,QAAQ,CAAC,EAAE;YAA1B,IAAI,CAAwB,SAAS,CAAC,KAAK,CAAC,KAAK;;QAAjD,IAAI;;YACJ,KAAK;;;QAAL,KAAK;;YACL,MAAM,iBAAC,IAAI;;YAAX,MAAM,CAAO,QAAQ,CAAC,EAAE;YAAxB,MAAM,CAAoB,eAAe,CAAC,EAAE;YAA5C,MAAM,CACH,OAAO,CAAC,GAAE,EAAE;gBACX,MAAM,CAAC,IAAI,CAAC;oBACV,GAAG,EAAC,aAAa;oBACjB,MAAM,EAAC;wBACL,KAAK,EAAC,IAAI,CAAC,YAAY;wBACvB,IAAI,EAAC,IAAI,CAAC,YAAY;qBACvB;iBACF,CAAC,CAAA;YACJ,CAAC;;QATH,MAAM;QAHR,GAAG;;YAeH,MAAM;;YAAN,MAAM,CA2CJ,KAAK,CAAC,MAAM;YA3Cd,MAAM,CA2CU,MAAM,CAAC,KAAK;;;YA1C1B,IAAI;;;;YACF,OAAO;;;;;;;;4BACL,QAAQ;;;;;;;;;;;;4BACN,IAAI,IAAI,CAAC,YAAY,CAAC,QAAQ,CAAC,IAAI,CAAC,EAAC;;;wCACnC,MAAM;;wCAAN,MAAM,CAUJ,MAAM,CAAC,EAAE;wCAVX,MAAM,CAUO,KAAK,CAAC,MAAM;wCAVzB,MAAM,CAUqB,MAAM,CAAC,EAAC,GAAG,EAAC,EAAE,EAAC;wCAV1C,MAAM,CAWL,eAAe,CAAC,SAAS;;;wCAVxB,GAAG;;wCAAH,GAAG,CAMD,KAAK,CAAC,MAAM;;;wCALZ,IAAI,QAAC,IAAI;;wCAAT,IAAI,CAAO,QAAQ,CAAC,EAAE;wCAAtB,IAAI,CAAoB,SAAS,CAAC,KAAK,CAAC,KAAK;wCAA7C,IAAI,CAA2C,KAAK,CAAC,KAAK;wCAA1D,IAAI,CACD,MAAM,CAAC,EAAC,GAAG,EAAC,EAAE,EAAC,IAAI,EAAC,EAAE,EAAC;;oCAD1B,IAAI;;wCAEJ,KAAK;;;oCAAL,KAAK;;wCACL,IAAI,QAAC,KAAK;;wCAAV,IAAI,CAAQ,eAAe,CAAC,EAAE;wCAA9B,IAAI,CAA4B,QAAQ,CAAC,EAAE;wCAA3C,IAAI,CACD,MAAM,CAAC,EAAC,GAAG,EAAC,CAAC,EAAC;wCADjB,IAAI,CACe,OAAO,CAAC,GAAG;;oCAD9B,IAAI;oCAJN,GAAG;;wCAOH,KAAK;;;oCAAL,KAAK;;wCACL,OAAO;;wCAAP,OAAO,CAAG,WAAW,CAAC,CAAC;;oCATzB,MAAM;;6BAYP;iCAAK;;;wCACJ,MAAM;;wCAAN,MAAM,CAoBJ,MAAM,CAAC,EAAE;wCApBX,MAAM,CAoBO,KAAK,CAAC,MAAM;wCApBzB,MAAM,CAoBqB,MAAM,CAAC,EAAC,GAAG,EAAC,EAAE,EAAC;;;wCAnBxC,GAAG;;wCAAH,GAAG,CAgBD,KAAK,CAAC,MAAM;;;wCAfZ,IAAI,QAAC,IAAI;;wCAAT,IAAI,CAAO,QAAQ,CAAC,EAAE;wCAAtB,IAAI,CAAoB,SAAS,CAAC,KAAK,CAAC,KAAK;wCAA7C,IAAI,CAA2C,KAAK,CAAC,KAAK;wCAA1D,IAAI,CACD,MAAM,CAAC,EAAC,GAAG,EAAC,EAAE,EAAC,IAAI,EAAC,EAAE,EAAC;;oCAD1B,IAAI;;wCAEJ,MAAM,iBAAC,IAAI;;wCAAX,MAAM,CAAO,eAAe,CAAC,EAAE;wCAA/B,MAAM,CAA2B,QAAQ,CAAC,EAAE;wCAA5C,MAAM,CACH,MAAM,CAAC,EAAC,KAAK,EAAC,CAAC,EAAC;wCADnB,MAAM,CAEH,OAAO,CAAC,GAAE,EAAE;4CACX,eAAe;4CACf,IAAI,KAAK,GAAG,IAAI,CAAC,eAAe,CAAC,SAAS,CAAC,GAAG,CAAA,EAAE,CAAA,GAAG,KAAG,IAAI,CAAC,CAAA;4CAE3D,mBAAmB;4CACnB,IAAI,QAAQ,EAAE,MAAM,GAAG,IAAI,CAAC,eAAe,CAAC,KAAK,CAAC,CAAA;4CAElD,SAAS;4CACT,IAAI,CAAC,YAAY,CAAC,IAAI,CAAC,QAAQ,CAAC,CAAA;4CAChC,IAAI,CAAC,YAAY,CAAC,IAAI,CAAC,IAAI,CAAC,CAAA;wCAC9B,CAAC;;oCAZH,MAAM;oCAHR,GAAG;;wCAiBH,KAAK;;;oCAAL,KAAK;;wCACL,OAAO;;wCAAP,OAAO,CAAG,WAAW,CAAC,CAAC;;oCAnBzB,MAAM;;6BAqBP;;;wBApCH,QAAQ;;;oBAAR,QAAQ;;;+CADF,IAAI,CAAC,eAAe;;QAA5B,OAAO;QADT,IAAI;QADN,MAAM;QAhBR,MAAM;KA6DP",
    "entry-package-info": "entry|1.0.0"
  }
}